District ID,District Name,School Year,Number of ELL Students,Total Enrollment,Percentage ELL
288,Achievement First Hartford Academy Inc.,2010-11,28,610,4.6
279,Amistad Academy District,2010-11,91,812,11.2
1,Andover School District,2010-11,2,334,0.6
2,Ansonia School District,2010-11,73,2619,2.8
244,Area Cooperative Educational Services,2010-11,46,1366,3.4
3,Ashford School District,2010-11,8,476,1.7
4,Avon School District,2010-11,53,3545,1.5
5,Barkhamsted School District,2010-11,2,343,0.6
7,Berlin School District,2010-11,66,3116,2.1
8,Bethany School District,2010-11,2,511,0.4
9,Bethel School District,2010-11,72,2938,2.5
11,Bloomfield School District,2010-11,38,2196,1.7
12,Bolton School District,2010-11,2,897,0.2
14,Branford School District,2010-11,129,3363,3.8
285,Bridgeport Achievement First,2010-11,32,409,7.8
15,Bridgeport School District,2010-11,2607,20087,13
17,Bristol School District,2010-11,261,8549,3.1
18,Brookfield School District,2010-11,25,2870,0.9
19,Brooklyn School District,2010-11,3,947,0.3
22,Canterbury School District,2010-11,1,524,0.2
23,Canton School District,2010-11,15,1777,0.8
241,Capitol Region Education Council,2010-11,95,4241,2.2
287,Charter School for Young Children on Asylum Hill,2010-11,2,225,0.9
25,Cheshire School District,2010-11,43,4770,0.9
26,Chester School District,2010-11,2,275,0.7
27,Clinton School District,2010-11,34,2029,1.7
28,Colchester School District,2010-11,23,3069,0.7
268,Common Ground High School District,2010-11,6,163,3.7
900,Connecticut Technical High School System,2010-11,273,10643,2.6
32,Coventry School District,2010-11,1,1822,0.1
33,Cromwell School District,2010-11,54,2016,2.7
34,Danbury School District,2010-11,1939,10343,18.7
35,Darien School District,2010-11,14,4820,0.3
36,Deep River School District,2010-11,14,351,4
37,Derby School District,2010-11,103,1463,7
40,East Granby School District,2010-11,5,889,0.6
41,East Haddam School District,2010-11,1,1335,0.1
42,East Hampton School District,2010-11,12,1958,0.6
43,East Hartford School District,2010-11,578,6624,8.7
44,East Haven School District,2010-11,207,3386,6.1
45,East Lyme School District,2010-11,35,3017,1.2
47,East Windsor School District,2010-11,29,1329,2.2
46,Easton School District,2010-11,2,1098,0.2
48,Ellington School District,2010-11,31,2726,1.1
289,Elm City College Preparatory School,2010-11,26,585,4.4
49,Enfield School District,2010-11,84,5766,1.5
50,Essex School District,2010-11,8,591,1.4
51,Fairfield School District,2010-11,224,10064,2.2
52,Farmington School District,2010-11,73,4053,1.8
54,Glastonbury School District,2010-11,89,6797,1.3
56,Granby School District,2010-11,9,2235,0.4
57,Greenwich School District,2010-11,457,8842,5.2
58,Griswold School District,2010-11,18,2005,0.9
59,Groton School District,2010-11,89,4965,1.8
60,Guilford School District,2010-11,34,3678,0.9
62,Hamden School District,2010-11,259,5897,4.4
64,Hartford School District,2010-11,3693,20899,17.7
65,Hartland School District,2010-11,1,221,0.5
67,Hebron School District,2010-11,1,1135,0.1
264,Integrated Day Charter School District,2010-11,13,331,3.9
265,Interdistrict School for Arts and Comm District,2010-11,10,182,5.5
261,Jumoke Academy District,2010-11,1,432,0.2
68,Kent School District,2010-11,1,287,0.3
69,Killingly School District,2010-11,54,2578,2.1
245,Learn,2010-11,122,1265,9.6
71,Lebanon School District,2010-11,3,1403,0.2
72,Ledyard School District,2010-11,31,2612,1.2
73,Lisbon School District,2010-11,1,534,0.2
74,Litchfield School District,2010-11,6,1169,0.5
76,Madison School District,2010-11,8,3563,0.2
77,Manchester School District,2010-11,335,6526,5.1
78,Mansfield School District,2010-11,37,1326,2.8
79,Marlborough School District,2010-11,3,673,0.4
80,Meriden School District,2010-11,942,8279,11.4
83,Middletown School District,2010-11,144,5189,2.8
84,Milford School District,2010-11,117,6958,1.7
85,Monroe School District,2010-11,26,3745,0.7
86,Montville School District,2010-11,103,2638,3.9
88,Naugatuck School District,2010-11,178,4525,3.9
89,New Britain School District,2010-11,1707,10054,17
90,New Canaan School District,2010-11,27,4123,0.7
91,New Fairfield School District,2010-11,20,2919,0.7
92,New Hartford School District,2010-11,2,608,0.3
93,New Haven School District,2010-11,2446,19048,12.8
95,New London School District,2010-11,658,3040,21.6
96,New Milford School District,2010-11,128,4744,2.7
94,Newington School District,2010-11,144,4416,3.3
97,Newtown School District,2010-11,8,5363,0.1
99,North Branford School District,2010-11,22,2286,1
100,North Canaan School District,2010-11,10,318,3.1
101,North Haven School District,2010-11,53,3576,1.5
102,North Stonington School District,2010-11,1,796,0.1
103,Norwalk School District,2010-11,1360,11050,12.3
901,Norwich Free Academy,2010-11,97,2381,4.1
104,Norwich School District,2010-11,432,3754,11.5
106,Old Saybrook School District,2010-11,31,1569,2
107,Orange School District,2010-11,18,1277,1.4
108,Oxford School District,2010-11,31,2197,1.4
283,Park City Prep Charter School,2010-11,1,250,0.4
109,Plainfield School District,2010-11,19,2604,0.7
110,Plainville School District,2010-11,80,2417,3.3
111,Plymouth School District,2010-11,12,1727,0.7
112,Pomfret School District,2010-11,9,513,1.8
113,Portland School District,2010-11,7,1404,0.5
114,Preston School District,2010-11,10,430,2.3
116,Putnam School District,2010-11,37,1287,2.9
117,Redding School District,2010-11,2,1243,0.2
204,Regional School District 04,2010-11,6,973,0.6
205,Regional School District 05,2010-11,7,2475,0.3
206,Regional School District 06,2010-11,13,1042,1.2
207,Regional School District 07,2010-11,3,1092,0.3
208,Regional School District 08,2010-11,3,1765,0.2
209,Regional School District 09,2010-11,1,968,0.1
210,Regional School District 10,2010-11,21,2755,0.8
212,Regional School District 12,2010-11,2,912,0.2
213,Regional School District 13,2010-11,10,2036,0.5
214,Regional School District 14,2010-11,25,2038,1.2
215,Regional School District 15,2010-11,19,4417,0.4
216,Regional School District 16,2010-11,25,2536,1
217,Regional School District 17,2010-11,5,2473,0.2
218,Regional School District 18,2010-11,5,1493,0.3
219,Regional School District 19,2010-11,8,1189,0.7
118,Ridgefield School District,2010-11,42,5419,0.8
119,Rocky Hill School District,2010-11,73,2576,2.8
121,Salem School District,2010-11,2,461,0.4
124,Seymour School District,2010-11,77,2410,3.2
126,Shelton School District,2010-11,146,5286,2.8
127,Sherman School District,2010-11,2,408,0.5
270,Side By Side Community School District,2010-11,18,233,7.7
128,Simsbury School District,2010-11,59,4756,1.2
129,Somers School District,2010-11,10,1630,0.6
132,South Windsor School District,2010-11,76,4553,1.7
131,Southington School District,2010-11,116,6790,1.7
133,Sprague School District,2010-11,2,371,0.5
134,Stafford School District,2010-11,16,1854,0.9
135,Stamford School District,2010-11,2137,15281,14
137,Stonington School District,2010-11,9,2468,0.4
138,Stratford School District,2010-11,320,7270,4.4
139,Suffield School District,2010-11,9,2499,0.4
269,The Bridge Academy District,2010-11,3,271,1.1
902,The Gilbert School,2010-11,6,325,1.8
140,Thomaston School District,2010-11,3,1121,0.3
141,Thompson School District,2010-11,4,1263,0.3
142,Tolland School District,2010-11,14,3046,0.5
143,Torrington School District,2010-11,317,4507,7
144,Trumbull School District,2010-11,106,6744,1.6
146,Vernon School District,2010-11,82,3583,2.3
148,Wallingford School District,2010-11,243,6538,3.7
151,Waterbury School District,2010-11,1987,17694,11.2
152,Waterford School District,2010-11,34,2800,1.2
153,Watertown School District,2010-11,63,3175,2
155,West Hartford School District,2010-11,570,10190,5.6
156,West Haven School District,2010-11,630,6194,10.2
154,Westbrook School District,2010-11,24,946,2.5
157,Weston School District,2010-11,12,2521,0.5
158,Westport School District,2010-11,61,5720,1.1
159,Wethersfield School District,2010-11,184,3792,4.9
160,Willington School District,2010-11,4,511,0.8
161,Wilton School District,2010-11,25,4315,0.6
162,Winchester School District,2010-11,19,942,2
163,Windham School District,2010-11,835,3124,26.7
165,Windsor Locks School District,2010-11,58,1785,3.2
164,Windsor School District,2010-11,97,3613,2.7
166,Wolcott School District,2010-11,35,2738,1.3
167,Woodbridge School District,2010-11,20,723,2.8
903,Woodstock Academy,2010-11,1,1096,0.1
169,Woodstock School District,2010-11,9,925,1
288,Achievement First Hartford Academy Inc.,2009-10,21,440,4.8
279,Amistad Academy District,2009-10,88,744,11.8
1,Andover School District,2009-10,5,336,1.5
2,Ansonia School District,2009-10,79,2725,2.9
244,Area Cooperative Educational Services,2009-10,44,1473,3
3,Ashford School District,2009-10,10,475,2.1
4,Avon School District,2009-10,49,3586,1.4
5,Barkhamsted School District,2009-10,3,345,0.9
7,Berlin School District,2009-10,62,3159,2
9,Bethel School District,2009-10,95,3042,3.1
11,Bloomfield School District,2009-10,18,2280,0.8
12,Bolton School District,2009-10,3,880,0.3
14,Branford School District,2009-10,97,3444,2.8
285,Bridgeport Achievement First,2009-10,15,238,6.3
15,Bridgeport School District,2009-10,2638,19933,13.2
17,Bristol School District,2009-10,245,8659,2.8
18,Brookfield School District,2009-10,33,2898,1.1
22,Canterbury School District,2009-10,1,551,0.2
23,Canton School District,2009-10,13,1762,0.7
241,Capitol Region Education Council,2009-10,138,3565,3.9
287,Charter School for Young Children on Asylum Hill,2009-10,2,185,1.1
25,Cheshire School District,2009-10,27,4932,0.5
26,Chester School District,2009-10,4,299,1.3
27,Clinton School District,2009-10,42,2024,2.1
28,Colchester School District,2009-10,30,3204,0.9
30,Columbia School District,2009-10,1,554,0.2
268,Common Ground High School District,2009-10,7,160,4.4
900,Connecticut Technical High School System,2009-10,288,10469,2.8
32,Coventry School District,2009-10,2,1898,0.1
33,Cromwell School District,2009-10,51,2048,2.5
34,Danbury School District,2009-10,1896,10186,18.6
35,Darien School District,2009-10,14,4784,0.3
36,Deep River School District,2009-10,18,349,5.2
37,Derby School District,2009-10,110,1449,7.6
40,East Granby School District,2009-10,10,904,1.1
41,East Haddam School District,2009-10,1,1386,0.1
42,East Hampton School District,2009-10,12,2018,0.6
43,East Hartford School District,2009-10,585,6773,8.6
44,East Haven School District,2009-10,177,3475,5.1
45,East Lyme School District,2009-10,30,3047,1
47,East Windsor School District,2009-10,56,1379,4.1
46,Easton School District,2009-10,2,1114,0.2
48,Ellington School District,2009-10,32,2667,1.2
289,Elm City College Preparatory School,2009-10,48,547,8.8
49,Enfield School District,2009-10,82,5988,1.4
50,Essex School District,2009-10,7,593,1.2
51,Fairfield School District,2009-10,226,9973,2.3
52,Farmington School District,2009-10,61,4085,1.5
54,Glastonbury School District,2009-10,101,6816,1.5
56,Granby School District,2009-10,7,2275,0.3
57,Greenwich School District,2009-10,486,8847,5.5
58,Griswold School District,2009-10,24,2060,1.2
59,Groton School District,2009-10,72,5029,1.4
60,Guilford School District,2009-10,41,3711,1.1
62,Hamden School District,2009-10,253,5844,4.3
63,Hampton School District,2009-10,1,143,0.7
64,Hartford School District,2009-10,3691,21106,17.5
67,Hebron School District,2009-10,2,1172,0.2
264,Integrated Day Charter School District,2009-10,15,330,4.5
265,Interdistrict School for Arts and Comm District,2009-10,8,182,4.4
68,Kent School District,2009-10,1,282,0.4
69,Killingly School District,2009-10,59,2583,2.3
245,Learn,2009-10,125,1088,11.5
71,Lebanon School District,2009-10,2,1447,0.1
72,Ledyard School District,2009-10,33,2661,1.2
74,Litchfield School District,2009-10,6,1201,0.5
76,Madison School District,2009-10,7,3635,0.2
77,Manchester School District,2009-10,328,6601,5
78,Mansfield School District,2009-10,16,1271,1.3
79,Marlborough School District,2009-10,6,669,0.9
80,Meriden School District,2009-10,926,8361,11.1
83,Middletown School District,2009-10,105,5165,2
84,Milford School District,2009-10,124,7135,1.7
85,Monroe School District,2009-10,19,3894,0.5
86,Montville School District,2009-10,119,2668,4.5
88,Naugatuck School District,2009-10,210,4780,4.4
89,New Britain School District,2009-10,1642,10155,16.2
90,New Canaan School District,2009-10,23,4077,0.6
91,New Fairfield School District,2009-10,30,3029,1
93,New Haven School District,2009-10,2364,18726,12.6
95,New London School District,2009-10,645,2977,21.7
96,New Milford School District,2009-10,123,4857,2.5
94,Newington School District,2009-10,143,4467,3.2
97,Newtown School District,2009-10,13,5403,0.2
99,North Branford School District,2009-10,18,2338,0.8
100,North Canaan School District,2009-10,6,328,1.8
101,North Haven School District,2009-10,48,3683,1.3
102,North Stonington School District,2009-10,2,791,0.3
103,Norwalk School District,2009-10,1255,10856,11.6
901,Norwich Free Academy,2009-10,85,2421,3.5
104,Norwich School District,2009-10,401,3804,10.5
106,Old Saybrook School District,2009-10,53,1591,3.3
107,Orange School District,2009-10,5,1297,0.4
108,Oxford School District,2009-10,50,2156,2.3
283,Park City Prep Charter School,2009-10,6,242,2.5
109,Plainfield School District,2009-10,27,2722,1
110,Plainville School District,2009-10,80,2482,3.2
111,Plymouth School District,2009-10,12,1782,0.7
112,Pomfret School District,2009-10,6,532,1.1
113,Portland School District,2009-10,5,1436,0.3
114,Preston School District,2009-10,11,431,2.6
116,Putnam School District,2009-10,39,1225,3.2
117,Redding School District,2009-10,5,1265,0.4
204,Regional School District 04,2009-10,9,972,0.9
205,Regional School District 05,2009-10,11,2483,0.4
206,Regional School District 06,2009-10,16,1057,1.5
208,Regional School District 08,2009-10,1,1729,0.1
209,Regional School District 09,2009-10,1,958,0.1
210,Regional School District 10,2009-10,21,2817,0.7
212,Regional School District 12,2009-10,8,939,0.9
213,Regional School District 13,2009-10,13,2084,0.6
214,Regional School District 14,2009-10,13,2085,0.6
215,Regional School District 15,2009-10,34,4542,0.7
216,Regional School District 16,2009-10,29,2585,1.1
217,Regional School District 17,2009-10,6,2500,0.2
218,Regional School District 18,2009-10,7,1481,0.5
219,Regional School District 19,2009-10,11,1197,0.9
118,Ridgefield School District,2009-10,24,5442,0.4
119,Rocky Hill School District,2009-10,86,2640,3.3
121,Salem School District,2009-10,1,490,0.2
124,Seymour School District,2009-10,60,2426,2.5
126,Shelton School District,2009-10,132,5458,2.4
127,Sherman School District,2009-10,2,444,0.5
270,Side By Side Community School District,2009-10,9,232,3.9
128,Simsbury School District,2009-10,48,4865,1
129,Somers School District,2009-10,9,1650,0.5
132,South Windsor School District,2009-10,112,4654,2.4
131,Southington School District,2009-10,106,6798,1.6
133,Sprague School District,2009-10,3,351,0.9
134,Stafford School District,2009-10,18,1839,1
135,Stamford School District,2009-10,2037,14995,13.6
137,Stonington School District,2009-10,13,2499,0.5
138,Stratford School District,2009-10,323,7309,4.4
139,Suffield School District,2009-10,12,2558,0.5
269,The Bridge Academy District,2009-10,1,263,0.4
902,The Gilbert School,2009-10,16,381,4.2
140,Thomaston School District,2009-10,8,1168,0.7
141,Thompson School District,2009-10,5,1324,0.4
142,Tolland School District,2009-10,12,3152,0.4
143,Torrington School District,2009-10,341,4631,7.4
144,Trumbull School District,2009-10,70,6739,1
146,Vernon School District,2009-10,61,3669,1.7
148,Wallingford School District,2009-10,254,6646,3.8
151,Waterbury School District,2009-10,1956,17666,11.1
152,Waterford School District,2009-10,27,2866,0.9
153,Watertown School District,2009-10,57,3237,1.8
155,West Hartford School District,2009-10,630,10171,6.2
156,West Haven School District,2009-10,552,6234,8.9
154,Westbrook School District,2009-10,22,972,2.3
157,Weston School District,2009-10,17,2552,0.7
158,Westport School District,2009-10,68,5661,1.2
159,Wethersfield School District,2009-10,163,3810,4.3
160,Willington School District,2009-10,2,543,0.4
161,Wilton School District,2009-10,20,4341,0.5
162,Winchester School District,2009-10,28,961,2.9
163,Windham School District,2009-10,805,3196,25.2
165,Windsor Locks School District,2009-10,69,1802,3.8
164,Windsor School District,2009-10,134,3758,3.6
166,Wolcott School District,2009-10,42,2751,1.5
167,Woodbridge School District,2009-10,17,733,2.3
169,Woodstock School District,2009-10,6,917,0.7
1,Andover School District,2008-09,3,334,0.9
2,Ansonia School District,2008-09,73,2674,2.7
244,Area Cooperative Educational Services,2008-09,47,1463,3.2
3,Ashford School District,2008-09,8,485,1.6
4,Avon School District,2008-09,44,3558,1.2
5,Barkhamsted School District,2008-09,2,341,0.6
7,Berlin School District,2008-09,79,3218,2.5
9,Bethel School District,2008-09,98,3073,3.2
11,Bloomfield School District,2008-09,9,2158,0.4
12,Bolton School District,2008-09,1,861,0.1
13,Bozrah School District,2008-09,4,256,1.6
14,Branford School District,2008-09,93,3402,2.7
285,Bridgeport Achievement First,2008-09,1,160,0.6
15,Bridgeport School District,2008-09,2723,20254,13.4
17,Bristol School District,2008-09,258,8789,2.9
18,Brookfield School District,2008-09,43,2945,1.5
22,Canterbury School District,2008-09,1,599,0.2
23,Canton School District,2008-09,13,1748,0.7
241,Capitol Region Education Council,2008-09,104,3035,3.4
25,Cheshire School District,2008-09,41,4982,0.8
27,Clinton School District,2008-09,35,2084,1.7
28,Colchester School District,2008-09,20,3180,0.6
30,Columbia School District,2008-09,1,574,0.2
268,Common Ground High School District,2008-09,8,155,5.2
900,Connecticut Technical High School System,2008-09,332,10257,3.2
32,Coventry School District,2008-09,1,1938,0.1
33,Cromwell School District,2008-09,51,2019,2.5
34,Danbury School District,2008-09,1890,10041,18.8
35,Darien School District,2008-09,15,4721,0.3
36,Deep River School District,2008-09,16,353,4.5
37,Derby School District,2008-09,116,1462,7.9
40,East Granby School District,2008-09,6,898,0.7
42,East Hampton School District,2008-09,13,2048,0.6
43,East Hartford School District,2008-09,538,6788,7.9
44,East Haven School District,2008-09,195,3530,5.5
45,East Lyme School District,2008-09,18,3098,0.6
47,East Windsor School District,2008-09,57,1435,4
46,Easton School District,2008-09,2,1156,0.2
48,Ellington School District,2008-09,22,2634,0.8
49,Enfield School District,2008-09,83,6184,1.3
50,Essex School District,2008-09,7,594,1.2
51,Fairfield School District,2008-09,249,9827,2.5
52,Farmington School District,2008-09,69,4120,1.7
54,Glastonbury School District,2008-09,98,6848,1.4
56,Granby School District,2008-09,6,2270,0.3
57,Greenwich School District,2008-09,513,8869,5.8
58,Griswold School District,2008-09,25,2115,1.2
59,Groton School District,2008-09,94,5134,1.8
60,Guilford School District,2008-09,46,3765,1.2
62,Hamden School District,2008-09,200,5974,3.3
63,Hampton School District,2008-09,1,149,0.7
64,Hartford School District,2008-09,3085,21461,14.4
67,Hebron School District,2008-09,6,1172,0.5
264,Integrated Day Charter School District,2008-09,9,330,2.7
265,Interdistrict School for Arts and Comm District,2008-09,9,182,4.9
68,Kent School District,2008-09,2,284,0.7
69,Killingly School District,2008-09,55,2622,2.1
245,Learn,2008-09,72,1009,7.1
71,Lebanon School District,2008-09,2,1533,0.1
72,Ledyard School District,2008-09,34,2739,1.2
76,Madison School District,2008-09,10,3709,0.3
77,Manchester School District,2008-09,296,6771,4.4
78,Mansfield School District,2008-09,23,1277,1.8
79,Marlborough School District,2008-09,2,673,0.3
80,Meriden School District,2008-09,934,8611,10.8
83,Middletown School District,2008-09,103,5113,2
84,Milford School District,2008-09,165,7303,2.3
85,Monroe School District,2008-09,20,4045,0.5
86,Montville School District,2008-09,109,2754,4
88,Naugatuck School District,2008-09,198,4713,4.2
89,New Britain School District,2008-09,1676,10407,16.1
90,New Canaan School District,2008-09,19,4089,0.5
91,New Fairfield School District,2008-09,22,3052,0.7
93,New Haven School District,2008-09,2495,18751,13.3
95,New London School District,2008-09,679,3069,22.1
96,New Milford School District,2008-09,130,4894,2.7
94,Newington School District,2008-09,164,4510,3.6
97,Newtown School District,2008-09,11,5518,0.2
99,North Branford School District,2008-09,19,2398,0.8
100,North Canaan School District,2008-09,9,338,2.7
101,North Haven School District,2008-09,63,3807,1.7
103,Norwalk School District,2008-09,1281,10745,11.9
901,Norwich Free Academy,2008-09,77,2489,3.1
104,Norwich School District,2008-09,392,3862,10.2
106,Old Saybrook School District,2008-09,47,1621,2.9
107,Orange School District,2008-09,6,1316,0.5
108,Oxford School District,2008-09,43,2014,2.1
283,Park City Prep Charter School,2008-09,4,224,1.8
109,Plainfield School District,2008-09,22,2703,0.8
110,Plainville School District,2008-09,100,2479,4
111,Plymouth School District,2008-09,15,1848,0.8
113,Portland School District,2008-09,7,1429,0.5
114,Preston School District,2008-09,9,488,1.8
116,Putnam School District,2008-09,29,1241,2.3
117,Redding School District,2008-09,6,1301,0.5
204,Regional School District 04,2008-09,3,949,0.3
205,Regional School District 05,2008-09,5,2488,0.2
206,Regional School District 06,2008-09,17,1072,1.6
208,Regional School District 08,2008-09,1,1744,0.1
209,Regional School District 09,2008-09,2,957,0.2
210,Regional School District 10,2008-09,25,2847,0.9
212,Regional School District 12,2008-09,7,990,0.7
213,Regional School District 13,2008-09,11,2126,0.5
214,Regional School District 14,2008-09,20,2117,0.9
215,Regional School District 15,2008-09,26,4544,0.6
216,Regional School District 16,2008-09,34,2609,1.3
217,Regional School District 17,2008-09,5,2545,0.2
218,Regional School District 18,2008-09,4,1463,0.3
219,Regional School District 19,2008-09,11,1173,0.9
118,Ridgefield School District,2008-09,32,5538,0.6
119,Rocky Hill School District,2008-09,89,2613,3.4
124,Seymour School District,2008-09,49,2568,1.9
126,Shelton School District,2008-09,137,5547,2.5
127,Sherman School District,2008-09,1,458,0.2
270,Side By Side Community School District,2008-09,9,229,3.9
128,Simsbury School District,2008-09,56,4932,1.1
129,Somers School District,2008-09,11,1717,0.6
132,South Windsor School District,2008-09,118,4795,2.5
131,Southington School District,2008-09,105,6826,1.5
133,Sprague School District,2008-09,3,354,0.8
134,Stafford School District,2008-09,15,1903,0.8
135,Stamford School District,2008-09,2116,14797,14.3
137,Stonington School District,2008-09,10,2494,0.4
138,Stratford School District,2008-09,340,7288,4.7
139,Suffield School District,2008-09,5,2594,0.2
269,The Bridge Academy District,2008-09,1,262,0.4
902,The Gilbert School,2008-09,13,400,3.2
140,Thomaston School District,2008-09,5,1219,0.4
141,Thompson School District,2008-09,5,1389,0.4
142,Tolland School District,2008-09,20,3147,0.6
143,Torrington School District,2008-09,284,4636,6.1
144,Trumbull School District,2008-09,116,6690,1.7
146,Vernon School District,2008-09,66,3583,1.8
148,Wallingford School District,2008-09,251,6765,3.7
151,Waterbury School District,2008-09,2067,17833,11.6
152,Waterford School District,2008-09,30,2879,1
153,Watertown School District,2008-09,63,3336,1.9
155,West Hartford School District,2008-09,679,10067,6.7
156,West Haven School District,2008-09,498,6230,8
154,Westbrook School District,2008-09,13,968,1.3
157,Weston School District,2008-09,3,2585,0.1
158,Westport School District,2008-09,81,5709,1.4
159,Wethersfield School District,2008-09,168,3812,4.4
161,Wilton School District,2008-09,30,4378,0.7
162,Winchester School District,2008-09,33,981,3.4
163,Windham School District,2008-09,735,3214,22.9
165,Windsor Locks School District,2008-09,79,1845,4.3
164,Windsor School District,2008-09,104,3969,2.6
166,Wolcott School District,2008-09,42,2855,1.5
167,Woodbridge School District,2008-09,14,755,1.9
169,Woodstock School District,2008-09,11,926,1.2
2,Ansonia School District,2007-08,79,2730,2.9
244,Area Cooperative Educational Services,2007-08,34,1456,2.3
3,Ashford School District,2007-08,5,500,1
4,Avon School District,2007-08,49,3600,1.4
5,Barkhamsted School District,2007-08,1,328,0.3
7,Berlin School District,2007-08,76,3267,2.3
9,Bethel School District,2007-08,118,3142,3.8
11,Bloomfield School District,2007-08,9,2216,0.4
13,Bozrah School District,2007-08,3,264,1.1
14,Branford School District,2007-08,81,3418,2.4
15,Bridgeport School District,2007-08,2817,20658,13.6
17,Bristol School District,2007-08,274,8893,3.1
18,Brookfield School District,2007-08,38,2947,1.3
22,Canterbury School District,2007-08,1,577,0.2
23,Canton School District,2007-08,14,1725,0.8
241,Capitol Region Education Council,2007-08,50,2405,2.1
25,Cheshire School District,2007-08,42,5096,0.8
27,Clinton School District,2007-08,36,2106,1.7
28,Colchester School District,2007-08,21,3238,0.6
30,Columbia School District,2007-08,1,588,0.2
900,Connecticut Technical High School System,2007-08,323,9970,3.2
33,Cromwell School District,2007-08,63,1988,3.2
34,Danbury School District,2007-08,1812,9867,18.4
35,Darien School District,2007-08,40,4648,0.9
36,Deep River School District,2007-08,14,388,3.6
37,Derby School District,2007-08,111,1466,7.6
40,East Granby School District,2007-08,7,910,0.8
41,East Haddam School District,2007-08,3,1419,0.2
42,East Hampton School District,2007-08,7,2068,0.3
43,East Hartford School District,2007-08,477,6959,6.9
44,East Haven School District,2007-08,181,3641,5
45,East Lyme School District,2007-08,23,3200,0.7
47,East Windsor School District,2007-08,57,1469,3.9
46,Easton School District,2007-08,4,1177,0.3
48,Ellington School District,2007-08,23,2598,0.9
49,Enfield School District,2007-08,83,6253,1.3
50,Essex School District,2007-08,2,549,0.4
51,Fairfield School District,2007-08,232,9655,2.4
52,Farmington School District,2007-08,64,4136,1.5
54,Glastonbury School District,2007-08,99,6838,1.4
56,Granby School District,2007-08,3,2324,0.1
57,Greenwich School District,2007-08,597,8970,6.7
58,Griswold School District,2007-08,19,2137,0.9
59,Groton School District,2007-08,99,5160,1.9
60,Guilford School District,2007-08,46,3815,1.2
62,Hamden School District,2007-08,77,6161,1.2
63,Hampton School District,2007-08,1,166,0.6
64,Hartford School District,2007-08,3724,22255,16.7
67,Hebron School District,2007-08,4,1204,0.3
264,Integrated Day Charter School District,2007-08,8,330,2.4
265,Interdistrict School for Arts and Comm District,2007-08,12,181,6.6
69,Killingly School District,2007-08,65,2637,2.5
245,Learn,2007-08,94,1043,9
71,Lebanon School District,2007-08,2,1522,0.1
72,Ledyard School District,2007-08,40,2872,1.4
76,Madison School District,2007-08,5,3770,0.1
77,Manchester School District,2007-08,250,6695,3.7
78,Mansfield School District,2007-08,35,1301,2.7
79,Marlborough School District,2007-08,4,660,0.6
80,Meriden School District,2007-08,952,8812,10.8
83,Middletown School District,2007-08,138,5019,2.7
84,Milford School District,2007-08,183,7384,2.5
85,Monroe School District,2007-08,11,4221,0.3
86,Montville School District,2007-08,113,2836,4
88,Naugatuck School District,2007-08,237,4807,4.9
89,New Britain School District,2007-08,1729,10615,16.3
90,New Canaan School District,2007-08,20,4120,0.5
91,New Fairfield School District,2007-08,18,3046,0.6
93,New Haven School District,2007-08,2331,18869,12.4
95,New London School District,2007-08,636,2880,22.1
96,New Milford School District,2007-08,125,5012,2.5
94,Newington School District,2007-08,162,4549,3.6
97,Newtown School District,2007-08,1,5566,0
99,North Branford School District,2007-08,19,2431,0.8
100,North Canaan School District,2007-08,8,359,2.2
101,North Haven School District,2007-08,71,3862,1.8
102,North Stonington School District,2007-08,1,805,0.1
103,Norwalk School District,2007-08,1317,10595,12.4
901,Norwich Free Academy,2007-08,62,2450,2.5
104,Norwich School District,2007-08,380,3934,9.7
106,Old Saybrook School District,2007-08,60,1609,3.7
107,Orange School District,2007-08,10,1371,0.7
108,Oxford School District,2007-08,29,1851,1.6
109,Plainfield School District,2007-08,21,2779,0.8
110,Plainville School District,2007-08,96,2560,3.8
111,Plymouth School District,2007-08,13,1893,0.7
112,Pomfret School District,2007-08,5,539,0.9
113,Portland School District,2007-08,1,1425,0.1
114,Preston School District,2007-08,10,504,2
116,Putnam School District,2007-08,33,1308,2.5
117,Redding School District,2007-08,2,1308,0.2
204,Regional School District 04,2007-08,5,953,0.5
205,Regional School District 05,2007-08,15,2467,0.6
206,Regional School District 06,2007-08,14,1107,1.3
207,Regional School District 07,2007-08,1,1099,0.1
209,Regional School District 09,2007-08,3,962,0.3
210,Regional School District 10,2007-08,22,2844,0.8
212,Regional School District 12,2007-08,7,1036,0.7
213,Regional School District 13,2007-08,10,2144,0.5
214,Regional School District 14,2007-08,19,2192,0.9
215,Regional School District 15,2007-08,31,4566,0.7
216,Regional School District 16,2007-08,24,2685,0.9
217,Regional School District 17,2007-08,5,2551,0.2
218,Regional School District 18,2007-08,2,1533,0.1
219,Regional School District 19,2007-08,8,1184,0.7
118,Ridgefield School District,2007-08,36,5535,0.7
119,Rocky Hill School District,2007-08,88,2603,3.4
124,Seymour School District,2007-08,41,2601,1.6
125,Sharon School District,2007-08,2,219,0.9
126,Shelton School District,2007-08,117,5644,2.1
127,Sherman School District,2007-08,1,456,0.2
270,Side By Side Community School District,2007-08,15,230,6.5
128,Simsbury School District,2007-08,69,4951,1.4
129,Somers School District,2007-08,12,1724,0.7
132,South Windsor School District,2007-08,99,4934,2
131,Southington School District,2007-08,107,6893,1.6
133,Sprague School District,2007-08,3,351,0.9
134,Stafford School District,2007-08,15,1905,0.8
135,Stamford School District,2007-08,2159,14785,14.6
137,Stonington School District,2007-08,13,2508,0.5
138,Stratford School District,2007-08,297,7375,4
139,Suffield School District,2007-08,5,2585,0.2
902,The Gilbert School,2007-08,7,408,1.7
140,Thomaston School District,2007-08,8,1268,0.6
141,Thompson School District,2007-08,5,1477,0.3
142,Tolland School District,2007-08,15,3129,0.5
143,Torrington School District,2007-08,290,4749,6.1
144,Trumbull School District,2007-08,92,6686,1.4
146,Vernon School District,2007-08,57,3661,1.6
148,Wallingford School District,2007-08,271,6772,4
151,Waterbury School District,2007-08,2172,17834,12.2
152,Waterford School District,2007-08,27,2930,0.9
153,Watertown School District,2007-08,71,3402,2.1
155,West Hartford School District,2007-08,650,9992,6.5
156,West Haven School District,2007-08,471,6376,7.4
154,Westbrook School District,2007-08,12,980,1.2
157,Weston School District,2007-08,21,2552,0.8
158,Westport School District,2007-08,83,5616,1.5
159,Wethersfield School District,2007-08,178,3810,4.7
160,Willington School District,2007-08,1,599,0.2
161,Wilton School District,2007-08,34,4362,0.8
162,Winchester School District,2007-08,45,1038,4.3
163,Windham School District,2007-08,696,3302,21.1
165,Windsor Locks School District,2007-08,69,1832,3.8
164,Windsor School District,2007-08,109,4090,2.7
166,Wolcott School District,2007-08,46,2919,1.6
167,Woodbridge School District,2007-08,11,786,1.4
169,Woodstock School District,2007-08,11,946,1.2
2,Ansonia School District,2006-07,98,2726,3.6
244,Area Cooperative Educational Services,2006-07,34,1479,2.3
3,Ashford School District,2006-07,4,524,0.8
4,Avon School District,2006-07,31,3506,0.9
5,Barkhamsted School District,2006-07,1,336,0.3
7,Berlin School District,2006-07,80,3274,2.4
9,Bethel School District,2006-07,118,3230,3.7
11,Bloomfield School District,2006-07,4,2238,0.2
12,Bolton School District,2006-07,4,915,0.4
13,Bozrah School District,2006-07,4,273,1.5
14,Branford School District,2006-07,95,3517,2.7
15,Bridgeport School District,2006-07,2853,21072,13.5
17,Bristol School District,2006-07,210,9018,2.3
18,Brookfield School District,2006-07,33,3031,1.1
23,Canton School District,2006-07,18,1729,1
241,Capitol Region Education Council,2006-07,61,2342,2.6
25,Cheshire School District,2006-07,49,5139,1
27,Clinton School District,2006-07,34,2117,1.6
28,Colchester School District,2006-07,17,3242,0.5
30,Columbia School District,2006-07,1,636,0.2
900,Connecticut Technical High School System,2006-07,386,10026,3.8
243,Cooperative Educational Services,2006-07,1,412,0.2
33,Cromwell School District,2006-07,51,2008,2.5
34,Danbury School District,2006-07,1709,9715,17.6
35,Darien School District,2006-07,48,4614,1
36,Deep River School District,2006-07,11,378,2.9
37,Derby School District,2006-07,97,1461,6.6
40,East Granby School District,2006-07,13,934,1.4
41,East Haddam School District,2006-07,5,1406,0.4
42,East Hampton School District,2006-07,6,2087,0.3
43,East Hartford School District,2006-07,506,7330,6.9
44,East Haven School District,2006-07,151,3703,4.1
45,East Lyme School District,2006-07,24,3163,0.8
47,East Windsor School District,2006-07,33,1520,2.2
46,Easton School District,2006-07,5,1149,0.4
48,Ellington School District,2006-07,29,2535,1.1
49,Enfield School District,2006-07,74,6387,1.2
50,Essex School District,2006-07,2,550,0.4
51,Fairfield School District,2006-07,201,9372,2.1
52,Farmington School District,2006-07,69,4199,1.6
54,Glastonbury School District,2006-07,116,6766,1.7
56,Granby School District,2006-07,4,2278,0.2
57,Greenwich School District,2006-07,574,8959,6.4
58,Griswold School District,2006-07,7,2216,0.3
59,Groton School District,2006-07,86,5238,1.6
60,Guilford School District,2006-07,37,3782,1
62,Hamden School District,2006-07,112,6167,1.8
64,Hartford School District,2006-07,3859,22147,17.4
65,Hartland School District,2006-07,1,227,0.4
264,Integrated Day Charter School District,2006-07,4,319,1.3
265,Interdistrict School for Arts and Comm District,2006-07,14,181,7.7
69,Killingly School District,2006-07,46,2696,1.7
245,Learn,2006-07,110,1007,10.9
71,Lebanon School District,2006-07,2,1540,0.1
72,Ledyard School District,2006-07,25,2916,0.9
76,Madison School District,2006-07,10,3837,0.3
77,Manchester School District,2006-07,220,6966,3.2
78,Mansfield School District,2006-07,43,1333,3.2
79,Marlborough School District,2006-07,1,651,0.2
80,Meriden School District,2006-07,764,8864,8.6
83,Middletown School District,2006-07,128,5075,2.5
84,Milford School District,2006-07,189,7504,2.5
85,Monroe School District,2006-07,15,4364,0.3
86,Montville School District,2006-07,88,2924,3
88,Naugatuck School District,2006-07,254,4972,5.1
89,New Britain School District,2006-07,1814,10865,16.7
90,New Canaan School District,2006-07,25,4139,0.6
91,New Fairfield School District,2006-07,6,3065,0.2
93,New Haven School District,2006-07,2227,19464,11.4
95,New London School District,2006-07,677,2947,23
96,New Milford School District,2006-07,126,5039,2.5
94,Newington School District,2006-07,156,4591,3.4
97,Newtown School District,2006-07,3,5609,0.1
99,North Branford School District,2006-07,24,2449,1
100,North Canaan School District,2006-07,12,369,3.3
101,North Haven School District,2006-07,60,3962,1.5
102,North Stonington School District,2006-07,2,809,0.2
103,Norwalk School District,2006-07,1343,10743,12.5
901,Norwich Free Academy,2006-07,72,2489,2.9
104,Norwich School District,2006-07,323,3904,8.3
106,Old Saybrook School District,2006-07,49,1582,3.1
107,Orange School District,2006-07,7,1396,0.5
108,Oxford School District,2006-07,23,1575,1.5
109,Plainfield School District,2006-07,32,2803,1.1
110,Plainville School District,2006-07,120,2597,4.6
111,Plymouth School District,2006-07,18,1917,0.9
112,Pomfret School District,2006-07,3,540,0.6
113,Portland School District,2006-07,1,1451,0.1
114,Preston School District,2006-07,10,498,2
116,Putnam School District,2006-07,35,1339,2.6
117,Redding School District,2006-07,1,1287,0.1
204,Regional School District 04,2006-07,7,946,0.7
205,Regional School District 05,2006-07,16,2509,0.6
206,Regional School District 06,2006-07,5,1077,0.5
207,Regional School District 07,2006-07,2,1105,0.2
208,Regional School District 08,2006-07,1,1645,0.1
209,Regional School District 09,2006-07,5,962,0.5
210,Regional School District 10,2006-07,18,2824,0.6
212,Regional School District 12,2006-07,9,1062,0.8
213,Regional School District 13,2006-07,6,2167,0.3
215,Regional School District 15,2006-07,26,4572,0.6
216,Regional School District 16,2006-07,11,2682,0.4
218,Regional School District 18,2006-07,2,1521,0.1
219,Regional School District 19,2006-07,6,1201,0.5
118,Ridgefield School District,2006-07,32,5575,0.6
119,Rocky Hill School District,2006-07,84,2576,3.3
121,Salem School District,2006-07,1,530,0.2
124,Seymour School District,2006-07,29,2737,1.1
125,Sharon School District,2006-07,2,231,0.9
126,Shelton School District,2006-07,115,5691,2
127,Sherman School District,2006-07,1,479,0.2
270,Side By Side Community School District,2006-07,15,235,6.4
128,Simsbury School District,2006-07,63,4992,1.3
129,Somers School District,2006-07,7,1734,0.4
132,South Windsor School District,2006-07,83,5027,1.7
131,Southington School District,2006-07,107,6934,1.5
133,Sprague School District,2006-07,8,337,2.4
134,Stafford School District,2006-07,12,1951,0.6
135,Stamford School District,2006-07,2301,14975,15.4
137,Stonington School District,2006-07,16,2555,0.6
138,Stratford School District,2006-07,287,7366,3.9
139,Suffield School District,2006-07,2,2596,0.1
902,The Gilbert School,2006-07,12,466,2.6
142,Tolland School District,2006-07,19,3142,0.6
143,Torrington School District,2006-07,284,4858,5.8
144,Trumbull School District,2006-07,109,6719,1.6
146,Vernon School District,2006-07,62,3783,1.6
148,Wallingford School District,2006-07,269,6914,3.9
151,Waterbury School District,2006-07,2179,17811,12.2
152,Waterford School District,2006-07,31,2967,1
153,Watertown School District,2006-07,65,3503,1.9
155,West Hartford School District,2006-07,635,10117,6.3
156,West Haven School District,2006-07,457,6735,6.8
154,Westbrook School District,2006-07,18,991,1.8
157,Weston School District,2006-07,39,2610,1.5
158,Westport School District,2006-07,91,5570,1.6
159,Wethersfield School District,2006-07,193,3832,5
160,Willington School District,2006-07,3,594,0.5
161,Wilton School District,2006-07,24,4371,0.5
162,Winchester School District,2006-07,52,1074,4.8
163,Windham School District,2006-07,702,3376,20.8
165,Windsor Locks School District,2006-07,65,1907,3.4
164,Windsor School District,2006-07,69,4145,1.7
166,Wolcott School District,2006-07,47,2919,1.6
167,Woodbridge School District,2006-07,10,793,1.3
903,Woodstock Academy,2006-07,3,1146,0.3
169,Woodstock School District,2006-07,10,963,1
2,Ansonia School District,2005-06,133,2714,4.9
244,Area Cooperative Educational Services,2005-06,31,1479,2.1
3,Ashford School District,2005-06,9,556,1.6
4,Avon School District,2005-06,11,3379,0.3
5,Barkhamsted School District,2005-06,1,340,0.3
7,Berlin School District,2005-06,107,3343,3.2
9,Bethel School District,2005-06,126,3221,3.9
11,Bloomfield School District,2005-06,2,2308,0.1
12,Bolton School District,2005-06,7,931,0.8
13,Bozrah School District,2005-06,2,277,0.7
14,Branford School District,2005-06,78,3550,2.2
15,Bridgeport School District,2005-06,3098,21675,14.3
17,Bristol School District,2005-06,196,9021,2.2
18,Brookfield School District,2005-06,2,3078,0.1
23,Canton School District,2005-06,12,1719,0.7
241,Capitol Region Education Council,2005-06,67,2296,2.9
25,Cheshire School District,2005-06,61,5151,1.2
27,Clinton School District,2005-06,42,2174,1.9
28,Colchester School District,2005-06,3,3153,0.1
30,Columbia School District,2005-06,2,647,0.3
900,Connecticut Technical High School System,2005-06,738,10325,7.1
243,Cooperative Educational Services,2005-06,1,421,0.2
33,Cromwell School District,2005-06,54,1967,2.7
34,Danbury School District,2005-06,1661,9586,17.3
35,Darien School District,2005-06,65,4475,1.5
36,Deep River School District,2005-06,7,382,1.8
37,Derby School District,2005-06,112,1485,7.5
40,East Granby School District,2005-06,7,905,0.8
41,East Haddam School District,2005-06,4,1406,0.3
42,East Hampton School District,2005-06,5,2109,0.2
43,East Hartford School District,2005-06,357,7426,4.8
44,East Haven School District,2005-06,140,3808,3.7
45,East Lyme School District,2005-06,29,3239,0.9
47,East Windsor School District,2005-06,44,1563,2.8
48,Ellington School District,2005-06,27,2494,1.1
49,Enfield School District,2005-06,81,6514,1.2
50,Essex School District,2005-06,5,552,0.9
51,Fairfield School District,2005-06,174,9141,1.9
52,Farmington School District,2005-06,50,4277,1.2
54,Glastonbury School District,2005-06,164,6723,2.4
56,Granby School District,2005-06,5,2261,0.2
57,Greenwich School District,2005-06,604,8973,6.7
58,Griswold School District,2005-06,11,2229,0.5
59,Groton School District,2005-06,83,5334,1.6
60,Guilford School District,2005-06,34,3839,0.9
62,Hamden School District,2005-06,163,6197,2.6
64,Hartford School District,2005-06,3827,22012,17.4
67,Hebron School District,2005-06,3,1244,0.2
264,Integrated Day Charter School District,2005-06,7,301,2.3
265,Interdistrict School for Arts and Comm District,2005-06,3,181,1.7
69,Killingly School District,2005-06,86,2808,3.1
245,Learn,2005-06,96,967,9.9
71,Lebanon School District,2005-06,3,1531,0.2
72,Ledyard School District,2005-06,10,2927,0.3
73,Lisbon School District,2005-06,1,588,0.2
76,Madison School District,2005-06,13,3834,0.3
77,Manchester School District,2005-06,182,7099,2.6
78,Mansfield School District,2005-06,23,1314,1.8
79,Marlborough School District,2005-06,1,640,0.2
80,Meriden School District,2005-06,680,8874,7.7
83,Middletown School District,2005-06,137,5148,2.7
84,Milford School District,2005-06,188,7569,2.5
85,Monroe School District,2005-06,35,4459,0.8
86,Montville School District,2005-06,83,2949,2.8
88,Naugatuck School District,2005-06,210,5169,4.1
89,New Britain School District,2005-06,1651,10870,15.2
90,New Canaan School District,2005-06,27,4140,0.7
91,New Fairfield School District,2005-06,8,3133,0.3
93,New Haven School District,2005-06,2094,19648,10.7
95,New London School District,2005-06,725,2962,24.5
96,New Milford School District,2005-06,102,5096,2
94,Newington School District,2005-06,145,4604,3.1
97,Newtown School District,2005-06,3,5606,0.1
99,North Branford School District,2005-06,11,2512,0.4
100,North Canaan School District,2005-06,13,394,3.3
101,North Haven School District,2005-06,65,3925,1.7
102,North Stonington School District,2005-06,1,835,0.1
103,Norwalk School District,2005-06,1322,10891,12.1
901,Norwich Free Academy,2005-06,78,2561,3
104,Norwich School District,2005-06,343,3897,8.8
106,Old Saybrook School District,2005-06,42,1560,2.7
107,Orange School District,2005-06,7,1381,0.5
108,Oxford School District,2005-06,2,1535,0.1
109,Plainfield School District,2005-06,42,2660,1.6
110,Plainville School District,2005-06,110,2606,4.2
111,Plymouth School District,2005-06,23,1897,1.2
112,Pomfret School District,2005-06,1,542,0.2
113,Portland School District,2005-06,2,1402,0.1
116,Putnam School District,2005-06,43,1259,3.4
117,Redding School District,2005-06,2,1276,0.2
204,Regional School District 04,2005-06,10,931,1.1
205,Regional School District 05,2005-06,18,2455,0.7
206,Regional School District 06,2005-06,3,1111,0.3
208,Regional School District 08,2005-06,3,1619,0.2
209,Regional School District 09,2005-06,2,987,0.2
210,Regional School District 10,2005-06,16,2795,0.6
212,Regional School District 12,2005-06,1,1105,0.1
213,Regional School District 13,2005-06,1,2169,0
214,Regional School District 14,2005-06,6,2296,0.3
215,Regional School District 15,2005-06,31,4547,0.7
216,Regional School District 16,2005-06,10,2665,0.4
218,Regional School District 18,2005-06,3,1542,0.2
219,Regional School District 19,2005-06,14,1270,1.1
118,Ridgefield School District,2005-06,31,5612,0.6
119,Rocky Hill School District,2005-06,70,2556,2.7
124,Seymour School District,2005-06,55,2687,2
126,Shelton School District,2005-06,113,5764,2
127,Sherman School District,2005-06,6,484,1.2
270,Side By Side Community School District,2005-06,19,235,8.1
128,Simsbury School District,2005-06,66,5057,1.3
129,Somers School District,2005-06,4,1743,0.2
132,South Windsor School District,2005-06,70,5084,1.4
131,Southington School District,2005-06,83,6842,1.2
133,Sprague School District,2005-06,4,344,1.2
134,Stafford School District,2005-06,13,1965,0.7
135,Stamford School District,2005-06,2119,15092,14
137,Stonington School District,2005-06,15,2548,0.6
138,Stratford School District,2005-06,243,7479,3.2
269,The Bridge Academy District,2005-06,2,186,1.1
902,The Gilbert School,2005-06,9,479,1.9
140,Thomaston School District,2005-06,5,1299,0.4
142,Tolland School District,2005-06,21,3156,0.7
143,Torrington School District,2005-06,271,4930,5.5
144,Trumbull School District,2005-06,101,6713,1.5
146,Vernon School District,2005-06,83,3936,2.1
148,Wallingford School District,2005-06,248,7010,3.5
151,Waterbury School District,2005-06,2140,17651,12.1
152,Waterford School District,2005-06,22,2988,0.7
153,Watertown School District,2005-06,65,3556,1.8
155,West Hartford School District,2005-06,649,9986,6.5
156,West Haven School District,2005-06,434,6882,6.3
154,Westbrook School District,2005-06,4,1014,0.4
157,Weston School District,2005-06,16,2569,0.6
158,Westport School District,2005-06,94,5448,1.7
159,Wethersfield School District,2005-06,189,3736,5.1
160,Willington School District,2005-06,6,594,1
161,Wilton School District,2005-06,28,4353,0.6
162,Winchester School District,2005-06,58,1089,5.3
163,Windham School District,2005-06,729,3372,21.6
165,Windsor Locks School District,2005-06,48,1954,2.5
164,Windsor School District,2005-06,102,4223,2.4
166,Wolcott School District,2005-06,41,2966,1.4
167,Woodbridge School District,2005-06,15,825,1.8
903,Woodstock Academy,2005-06,4,1141,0.4
169,Woodstock School District,2005-06,10,995,1
2,Ansonia School District,2004-05,83,2705,3.1
244,Area Cooperative Educational Services,2004-05,19,1493,1.3
4,Avon School District,2004-05,55,3310,1.7
7,Berlin School District,2004-05,104,3352,3.1
9,Bethel School District,2004-05,121,3258,3.7
11,Bloomfield School District,2004-05,1,2366,0
13,Bozrah School District,2004-05,1,283,0.4
14,Branford School District,2004-05,113,3546,3.2
15,Bridgeport School District,2004-05,2824,22222,12.7
17,Bristol School District,2004-05,184,9029,2
23,Canton School District,2004-05,12,1699,0.7
241,Capitol Region Education Council,2004-05,49,2304,2.1
25,Cheshire School District,2004-05,55,5150,1.1
27,Clinton School District,2004-05,28,2167,1.3
28,Colchester School District,2004-05,21,3108,0.7
900,Connecticut Technical High School System,2004-05,799,10836,7.4
243,Cooperative Educational Services,2004-05,1,419,0.2
33,Cromwell School District,2004-05,76,1925,3.9
34,Danbury School District,2004-05,1468,9556,15.4
35,Darien School District,2004-05,31,4367,0.7
37,Derby School District,2004-05,114,1492,7.6
40,East Granby School District,2004-05,5,888,0.6
41,East Haddam School District,2004-05,6,1420,0.4
42,East Hampton School District,2004-05,7,2116,0.3
43,East Hartford School District,2004-05,381,7406,5.1
44,East Haven School District,2004-05,121,3872,3.1
45,East Lyme School District,2004-05,37,3235,1.1
47,East Windsor School District,2004-05,44,1586,2.8
48,Ellington School District,2004-05,26,2434,1.1
49,Enfield School District,2004-05,85,6584,1.3
51,Fairfield School District,2004-05,144,8895,1.6
52,Farmington School District,2004-05,33,4369,0.8
53,Franklin School District,2004-05,1,239,0.4
54,Glastonbury School District,2004-05,151,6628,2.3
56,Granby School District,2004-05,5,2225,0.2
57,Greenwich School District,2004-05,617,9100,6.8
58,Griswold School District,2004-05,14,2167,0.6
59,Groton School District,2004-05,103,5589,1.8
60,Guilford School District,2004-05,35,3819,0.9
62,Hamden School District,2004-05,53,6304,0.8
64,Hartford School District,2004-05,3797,22296,17
67,Hebron School District,2004-05,2,1198,0.2
264,Integrated Day Charter School District,2004-05,6,300,2
69,Killingly School District,2004-05,82,2883,2.8
245,Learn,2004-05,68,486,14
71,Lebanon School District,2004-05,3,1522,0.2
72,Ledyard School District,2004-05,41,3011,1.4
76,Madison School District,2004-05,14,3773,0.4
77,Manchester School District,2004-05,206,7361,2.8
78,Mansfield School District,2004-05,37,1376,2.7
80,Meriden School District,2004-05,674,8946,7.5
83,Middletown School District,2004-05,117,5155,2.3
84,Milford School District,2004-05,153,7525,2
85,Monroe School District,2004-05,31,4349,0.7
86,Montville School District,2004-05,72,2887,2.5
88,Naugatuck School District,2004-05,211,5298,4
89,New Britain School District,2004-05,1594,10863,14.7
90,New Canaan School District,2004-05,36,4067,0.9
91,New Fairfield School District,2004-05,2,3129,0.1
93,New Haven School District,2004-05,2142,19825,10.8
95,New London School District,2004-05,689,3055,22.6
96,New Milford School District,2004-05,110,5206,2.1
94,Newington School District,2004-05,116,4624,2.5
97,Newtown School District,2004-05,4,5452,0.1
99,North Branford School District,2004-05,4,2525,0.2
100,North Canaan School District,2004-05,18,391,4.6
101,North Haven School District,2004-05,57,3807,1.5
102,North Stonington School District,2004-05,2,845,0.2
103,Norwalk School District,2004-05,1275,11039,11.5
901,Norwich Free Academy,2004-05,63,2424,2.6
104,Norwich School District,2004-05,282,3991,7.1
106,Old Saybrook School District,2004-05,58,1569,3.7
107,Orange School District,2004-05,5,1378,0.4
109,Plainfield School District,2004-05,14,2618,0.5
110,Plainville School District,2004-05,93,2604,3.6
111,Plymouth School District,2004-05,21,1936,1.1
113,Portland School District,2004-05,4,1426,0.3
114,Preston School District,2004-05,2,491,0.4
116,Putnam School District,2004-05,42,1329,3.2
117,Redding School District,2004-05,2,1298,0.2
205,Regional School District 05,2004-05,6,2492,0.2
206,Regional School District 06,2004-05,1,1068,0.1
208,Regional School District 08,2004-05,1,1582,0.1
209,Regional School District 09,2004-05,4,984,0.4
210,Regional School District 10,2004-05,2,2721,0.1
212,Regional School District 12,2004-05,3,1139,0.3
213,Regional School District 13,2004-05,3,2179,0.1
215,Regional School District 15,2004-05,38,4494,0.8
216,Regional School District 16,2004-05,10,2666,0.4
218,Regional School District 18,2004-05,2,1582,0.1
219,Regional School District 19,2004-05,19,1251,1.5
118,Ridgefield School District,2004-05,35,5560,0.6
119,Rocky Hill School District,2004-05,64,2486,2.6
124,Seymour School District,2004-05,43,2664,1.6
126,Shelton School District,2004-05,103,5717,1.8
127,Sherman School District,2004-05,4,482,0.8
270,Side By Side Community School District,2004-05,35,235,14.9
128,Simsbury School District,2004-05,65,5055,1.3
129,Somers School District,2004-05,3,1733,0.2
132,South Windsor School District,2004-05,65,5073,1.3
131,Southington School District,2004-05,66,6829,1
133,Sprague School District,2004-05,4,326,1.2
134,Stafford School District,2004-05,15,1988,0.8
135,Stamford School District,2004-05,2264,14998,15.1
137,Stonington School District,2004-05,9,2480,0.4
138,Stratford School District,2004-05,203,7568,2.7
139,Suffield School District,2004-05,5,2492,0.2
269,The Bridge Academy District,2004-05,5,175,2.9
902,The Gilbert School,2004-05,10,516,1.9
140,Thomaston School District,2004-05,4,1312,0.3
142,Tolland School District,2004-05,23,3102,0.7
143,Torrington School District,2004-05,203,4988,4.1
144,Trumbull School District,2004-05,66,6669,1
146,Vernon School District,2004-05,94,3989,2.4
148,Wallingford School District,2004-05,233,7133,3.3
151,Waterbury School District,2004-05,1958,17436,11.2
152,Waterford School District,2004-05,17,3114,0.5
153,Watertown School District,2004-05,65,3506,1.9
155,West Hartford School District,2004-05,602,9940,6.1
156,West Haven School District,2004-05,399,7037,5.7
154,Westbrook School District,2004-05,9,1025,0.9
157,Weston School District,2004-05,14,2533,0.6
158,Westport School District,2004-05,81,5280,1.5
159,Wethersfield School District,2004-05,175,3722,4.7
160,Willington School District,2004-05,3,580,0.5
161,Wilton School District,2004-05,19,4312,0.4
162,Winchester School District,2004-05,36,1083,3.3
163,Windham School District,2004-05,510,3338,15.3
165,Windsor Locks School District,2004-05,39,1936,2
164,Windsor School District,2004-05,93,4324,2.2
166,Wolcott School District,2004-05,6,2972,0.2
167,Woodbridge School District,2004-05,16,853,1.9
169,Woodstock School District,2004-05,8,994,0.8
2,Ansonia School District,2003-04,97,2652,3.7
244,Area Cooperative Educational Services,2003-04,23,1455,1.6
3,Ashford School District,2003-04,2,573,0.3
4,Avon School District,2003-04,37,3232,1.1
7,Berlin School District,2003-04,101,3337,3
9,Bethel School District,2003-04,106,3241,3.3
11,Bloomfield School District,2003-04,2,2455,0.1
14,Branford School District,2003-04,76,3627,2.1
15,Bridgeport School District,2003-04,2796,22408,12.5
17,Bristol School District,2003-04,225,8948,2.5
18,Brookfield School District,2003-04,6,3054,0.2
23,Canton School District,2003-04,8,1632,0.5
241,Capitol Region Education Council,2003-04,30,2105,1.4
25,Cheshire School District,2003-04,30,5144,0.6
27,Clinton School District,2003-04,22,2146,1
28,Colchester School District,2003-04,16,3099,0.5
900,Connecticut Technical High School System,2003-04,828,11253,7.4
33,Cromwell School District,2003-04,70,1878,3.7
34,Danbury School District,2003-04,1067,9527,11.2
35,Darien School District,2003-04,37,4263,0.9
36,Deep River School District,2003-04,3,365,0.8
37,Derby School District,2003-04,115,1547,7.4
41,East Haddam School District,2003-04,8,1416,0.6
42,East Hampton School District,2003-04,4,2085,0.2
43,East Hartford School District,2003-04,325,7336,4.4
44,East Haven School District,2003-04,94,3909,2.4
45,East Lyme School District,2003-04,23,3228,0.7
47,East Windsor School District,2003-04,42,1587,2.6
46,Easton School District,2003-04,3,1125,0.3
48,Ellington School District,2003-04,23,2371,1
49,Enfield School District,2003-04,64,6610,1
50,Essex School District,2003-04,7,556,1.3
51,Fairfield School District,2003-04,117,8682,1.3
52,Farmington School District,2003-04,45,4304,1
53,Franklin School District,2003-04,1,234,0.4
54,Glastonbury School District,2003-04,158,6536,2.4
56,Granby School District,2003-04,5,2183,0.2
57,Greenwich School District,2003-04,618,9078,6.8
58,Griswold School District,2003-04,10,2222,0.5
59,Groton School District,2003-04,109,5697,1.9
60,Guilford School District,2003-04,31,3891,0.8
62,Hamden School District,2003-04,29,6322,0.5
64,Hartford School District,2003-04,3682,21963,16.8
65,Hartland School District,2003-04,1,263,0.4
265,Interdistrict School for Arts and Comm District,2003-04,1,111,0.9
69,Killingly School District,2003-04,90,2833,3.2
245,Learn,2003-04,56,459,12.2
71,Lebanon School District,2003-04,4,1535,0.3
72,Ledyard School District,2003-04,21,2957,0.7
73,Lisbon School District,2003-04,2,623,0.3
76,Madison School District,2003-04,9,3715,0.2
77,Manchester School District,2003-04,193,7531,2.6
78,Mansfield School District,2003-04,21,1407,1.5
79,Marlborough School District,2003-04,1,631,0.2
80,Meriden School District,2003-04,607,8866,6.8
83,Middletown School District,2003-04,105,5155,2
84,Milford School District,2003-04,139,7525,1.8
85,Monroe School District,2003-04,25,4309,0.6
86,Montville School District,2003-04,63,2892,2.2
88,Naugatuck School District,2003-04,182,5397,3.4
89,New Britain School District,2003-04,1363,10699,12.7
90,New Canaan School District,2003-04,22,3986,0.6
93,New Haven School District,2003-04,1997,19387,10.3
95,New London School District,2003-04,629,2983,21.1
96,New Milford School District,2003-04,116,5240,2.2
94,Newington School District,2003-04,121,4594,2.6
99,North Branford School District,2003-04,16,2500,0.6
100,North Canaan School District,2003-04,16,379,4.2
101,North Haven School District,2003-04,65,3773,1.7
103,Norwalk School District,2003-04,1124,11108,10.1
901,Norwich Free Academy,2003-04,64,2341,2.7
104,Norwich School District,2003-04,211,3962,5.3
106,Old Saybrook School District,2003-04,54,1585,3.4
107,Orange School District,2003-04,7,1350,0.5
108,Oxford School District,2003-04,2,1406,0.1
109,Plainfield School District,2003-04,3,2630,0.1
110,Plainville School District,2003-04,77,2621,2.9
111,Plymouth School District,2003-04,26,1828,1.4
112,Pomfret School District,2003-04,1,542,0.2
113,Portland School District,2003-04,4,1418,0.3
114,Preston School District,2003-04,3,522,0.6
116,Putnam School District,2003-04,30,1363,2.2
117,Redding School District,2003-04,2,1279,0.2
201,Regional School District 01,2003-04,2,594,0.3
204,Regional School District 04,2003-04,1,873,0.1
205,Regional School District 05,2003-04,6,2461,0.2
212,Regional School District 12,2003-04,2,1131,0.2
215,Regional School District 15,2003-04,36,4465,0.8
216,Regional School District 16,2003-04,3,2590,0.1
218,Regional School District 18,2003-04,5,1567,0.3
219,Regional School District 19,2003-04,22,1257,1.8
118,Ridgefield School District,2003-04,35,5483,0.6
119,Rocky Hill School District,2003-04,50,2467,2
124,Seymour School District,2003-04,47,2726,1.7
126,Shelton School District,2003-04,104,5648,1.8
127,Sherman School District,2003-04,3,494,0.6
270,Side By Side Community School District,2003-04,37,221,16.7
128,Simsbury School District,2003-04,45,5003,0.9
129,Somers School District,2003-04,1,1727,0.1
132,South Windsor School District,2003-04,67,5076,1.3
131,Southington School District,2003-04,48,6672,0.7
133,Sprague School District,2003-04,3,315,1
134,Stafford School District,2003-04,16,1988,0.8
135,Stamford School District,2003-04,2153,15204,14.2
137,Stonington School District,2003-04,10,2425,0.4
138,Stratford School District,2003-04,125,7634,1.6
139,Suffield School District,2003-04,2,2420,0.1
269,The Bridge Academy District,2003-04,2,175,1.1
902,The Gilbert School,2003-04,6,524,1.1
140,Thomaston School District,2003-04,5,1305,0.4
142,Tolland School District,2003-04,13,3018,0.4
143,Torrington School District,2003-04,201,4935,4.1
278,Trailblazers Academy District,2003-04,5,109,4.6
144,Trumbull School District,2003-04,41,6515,0.6
146,Vernon School District,2003-04,87,4018,2.2
148,Wallingford School District,2003-04,203,7147,2.8
151,Waterbury School District,2003-04,1926,17145,11.2
152,Waterford School District,2003-04,16,3038,0.5
153,Watertown School District,2003-04,45,3526,1.3
155,West Hartford School District,2003-04,556,9781,5.7
156,West Haven School District,2003-04,349,7108,4.9
154,Westbrook School District,2003-04,1,1043,0.1
157,Weston School District,2003-04,10,2451,0.4
158,Westport School District,2003-04,87,5224,1.7
159,Wethersfield School District,2003-04,193,3673,5.3
160,Willington School District,2003-04,3,595,0.5
161,Wilton School District,2003-04,17,4227,0.4
162,Winchester School District,2003-04,46,1115,4.1
163,Windham School District,2003-04,478,3358,14.2
165,Windsor Locks School District,2003-04,43,1917,2.2
164,Windsor School District,2003-04,65,4410,1.5
166,Wolcott School District,2003-04,6,2916,0.2
167,Woodbridge School District,2003-04,12,898,1.3
2,Ansonia School District,2002-03,77,2560,3
244,Area Cooperative Educational Services,2002-03,25,1455,1.7
3,Ashford School District,2002-03,2,573,0.3
4,Avon School District,2002-03,13,3126,0.4
7,Berlin School District,2002-03,59,3265,1.8
9,Bethel School District,2002-03,104,3219,3.2
11,Bloomfield School District,2002-03,4,2532,0.2
13,Bozrah School District,2002-03,1,273,0.4
14,Branford School District,2002-03,72,3640,2
15,Bridgeport School District,2002-03,2589,22309,11.6
17,Bristol School District,2002-03,215,8968,2.4
18,Brookfield School District,2002-03,8,3021,0.3
23,Canton School District,2002-03,2,1629,0.1
241,Capitol Region Education Council,2002-03,6,1834,0.3
25,Cheshire School District,2002-03,21,5107,0.4
27,Clinton School District,2002-03,20,2190,0.9
28,Colchester School District,2002-03,9,3119,0.3
900,Connecticut Technical High School System,2002-03,494,11048,4.5
33,Cromwell School District,2002-03,52,1843,2.8
34,Danbury School District,2002-03,1645,9497,17.3
35,Darien School District,2002-03,33,4116,0.8
37,Derby School District,2002-03,88,1607,5.5
43,East Hartford School District,2002-03,230,7213,3.2
44,East Haven School District,2002-03,61,3941,1.5
45,East Lyme School District,2002-03,25,3248,0.8
46,Easton School District,2002-03,2,1084,0.2
48,Ellington School District,2002-03,24,2350,1
49,Enfield School District,2002-03,54,6713,0.8
50,Essex School District,2002-03,7,548,1.3
51,Fairfield School District,2002-03,84,8427,1
52,Farmington School District,2002-03,31,4228,0.7
54,Glastonbury School District,2002-03,160,6417,2.5
56,Granby School District,2002-03,6,2149,0.3
57,Greenwich School District,2002-03,544,8923,6.1
58,Griswold School District,2002-03,14,2184,0.6
59,Groton School District,2002-03,125,5719,2.2
60,Guilford School District,2002-03,24,3914,0.6
62,Hamden School District,2002-03,63,6313,1
64,Hartford School District,2002-03,3021,22161,13.6
69,Killingly School District,2002-03,31,2884,1.1
245,Learn,2002-03,63,433,14.5
71,Lebanon School District,2002-03,2,1499,0.1
72,Ledyard School District,2002-03,19,3007,0.6
74,Litchfield School District,2002-03,2,1396,0.1
76,Madison School District,2002-03,6,3675,0.2
77,Manchester School District,2002-03,103,7562,1.4
78,Mansfield School District,2002-03,28,1421,2
79,Marlborough School District,2002-03,11,652,1.7
80,Meriden School District,2002-03,568,8687,6.5
83,Middletown School District,2002-03,107,5094,2.1
84,Milford School District,2002-03,119,7455,1.6
85,Monroe School District,2002-03,14,4150,0.3
86,Montville School District,2002-03,38,2931,1.3
88,Naugatuck School District,2002-03,238,5571,4.3
89,New Britain School District,2002-03,1216,10517,11.6
90,New Canaan School District,2002-03,25,3929,0.6
93,New Haven School District,2002-03,1824,19231,9.5
95,New London School District,2002-03,416,2957,14.1
96,New Milford School District,2002-03,79,5175,1.5
94,Newington School District,2002-03,71,4610,1.5
97,Newtown School District,2002-03,8,5208,0.2
99,North Branford School District,2002-03,17,2472,0.7
100,North Canaan School District,2002-03,17,384,4.4
101,North Haven School District,2002-03,40,3803,1.1
103,Norwalk School District,2002-03,929,11050,8.4
901,Norwich Free Academy,2002-03,56,2271,2.5
104,Norwich School District,2002-03,107,4014,2.7
106,Old Saybrook School District,2002-03,27,1597,1.7
107,Orange School District,2002-03,8,1353,0.6
108,Oxford School District,2002-03,4,1388,0.3
109,Plainfield School District,2002-03,1,2666,0
110,Plainville School District,2002-03,50,2623,1.9
111,Plymouth School District,2002-03,23,1867,1.2
113,Portland School District,2002-03,2,1438,0.1
114,Preston School District,2002-03,1,515,0.2
116,Putnam School District,2002-03,16,1383,1.2
117,Redding School District,2002-03,2,1277,0.2
201,Regional School District 01,2002-03,7,589,1.2
205,Regional School District 05,2002-03,9,2415,0.4
206,Regional School District 06,2002-03,3,1065,0.3
212,Regional School District 12,2002-03,2,1130,0.2
214,Regional School District 14,2002-03,9,2277,0.4
215,Regional School District 15,2002-03,29,4385,0.7
216,Regional School District 16,2002-03,3,2398,0.1
218,Regional School District 18,2002-03,3,1588,0.2
219,Regional School District 19,2002-03,16,1240,1.3
118,Ridgefield School District,2002-03,31,5385,0.6
119,Rocky Hill School District,2002-03,64,2492,2.6
122,Salisbury School District,2002-03,4,336,1.2
126,Shelton School District,2002-03,94,5522,1.7
270,Side By Side Community School District,2002-03,59,218,27.1
128,Simsbury School District,2002-03,30,5016,0.6
129,Somers School District,2002-03,1,1699,0.1
132,South Windsor School District,2002-03,64,5092,1.3
131,Southington School District,2002-03,42,6591,0.6
134,Stafford School District,2002-03,10,2020,0.5
135,Stamford School District,2002-03,1759,15202,11.6
137,Stonington School District,2002-03,10,2419,0.4
138,Stratford School District,2002-03,120,7593,1.6
139,Suffield School District,2002-03,8,2288,0.3
902,The Gilbert School,2002-03,5,500,1
140,Thomaston School District,2002-03,2,1351,0.1
142,Tolland School District,2002-03,15,2946,0.5
143,Torrington School District,2002-03,177,4966,3.6
278,Trailblazers Academy District,2002-03,7,115,6.1
144,Trumbull School District,2002-03,45,6229,0.7
146,Vernon School District,2002-03,101,4134,2.4
148,Wallingford School District,2002-03,186,7133,2.6
151,Waterbury School District,2002-03,1905,17010,11.2
152,Waterford School District,2002-03,14,3036,0.5
153,Watertown School District,2002-03,11,3531,0.3
155,West Hartford School District,2002-03,460,9627,4.8
156,West Haven School District,2002-03,316,7224,4.4
154,Westbrook School District,2002-03,7,1052,0.7
157,Weston School District,2002-03,10,2396,0.4
158,Westport School District,2002-03,93,5126,1.8
159,Wethersfield School District,2002-03,177,3567,5
160,Willington School District,2002-03,3,602,0.5
161,Wilton School District,2002-03,2,4091,0
162,Winchester School District,2002-03,48,1124,4.3
163,Windham School District,2002-03,406,3307,12.3
165,Windsor Locks School District,2002-03,44,1961,2.2
164,Windsor School District,2002-03,53,4456,1.2
166,Wolcott School District,2002-03,5,2923,0.2
167,Woodbridge School District,2002-03,6,936,0.6
2,Ansonia School District,2001-02,89,2594,3.4
244,Area Cooperative Educational Services,2001-02,29,1420,2
4,Avon School District,2001-02,17,2991,0.6
5,Barkhamsted School District,2001-02,3,334,0.9
7,Berlin School District,2001-02,36,3304,1.1
9,Bethel School District,2001-02,105,3171,3.3
11,Bloomfield School District,2001-02,16,2617,0.6
14,Branford School District,2001-02,70,3742,1.9
276,Breakthrough Charter School District,2001-02,23,197,11.7
15,Bridgeport School District,2001-02,2578,22758,11.3
17,Bristol School District,2001-02,183,8927,2
18,Brookfield School District,2001-02,10,3058,0.3
25,Cheshire School District,2001-02,16,4996,0.3
27,Clinton School District,2001-02,42,2208,1.9
28,Colchester School District,2001-02,5,3046,0.2
900,Connecticut Technical High School System,2001-02,422,10910,3.9
243,Cooperative Educational Services,2001-02,5,389,1.3
33,Cromwell School District,2001-02,38,1832,2.1
34,Danbury School District,2001-02,1052,9567,11
35,Darien School District,2001-02,45,3944,1.1
37,Derby School District,2001-02,94,1582,5.9
40,East Granby School District,2001-02,5,884,0.6
43,East Hartford School District,2001-02,267,7518,3.6
44,East Haven School District,2001-02,61,4120,1.5
45,East Lyme School District,2001-02,12,3244,0.4
47,East Windsor School District,2001-02,16,1588,1
253,Eastern Connecticut Regional Educational Service Center,2001-02,4,30,13.3
46,Easton School District,2001-02,1,1077,0.1
48,Ellington School District,2001-02,20,2283,0.9
49,Enfield School District,2001-02,50,6680,0.7
50,Essex School District,2001-02,13,552,2.4
51,Fairfield School District,2001-02,61,8246,0.7
52,Farmington School District,2001-02,32,4155,0.8
54,Glastonbury School District,2001-02,136,6336,2.1
56,Granby School District,2001-02,4,2087,0.2
57,Greenwich School District,2001-02,544,8800,6.2
58,Griswold School District,2001-02,9,2119,0.4
59,Groton School District,2001-02,109,5844,1.9
60,Guilford School District,2001-02,30,3916,0.8
62,Hamden School District,2001-02,142,6306,2.3
63,Hampton School District,2001-02,1,180,0.6
64,Hartford School District,2001-02,3193,22018,14.5
245,Learn,2001-02,56,444,12.6
71,Lebanon School District,2001-02,3,1510,0.2
72,Ledyard School District,2001-02,18,3137,0.6
74,Litchfield School District,2001-02,1,1401,0.1
76,Madison School District,2001-02,3,3571,0.1
77,Manchester School District,2001-02,124,7652,1.6
78,Mansfield School District,2001-02,34,1417,2.4
80,Meriden School District,2001-02,613,8689,7.1
83,Middletown School District,2001-02,95,5102,1.9
84,Milford School District,2001-02,92,7368,1.2
85,Monroe School District,2001-02,23,4090,0.6
86,Montville School District,2001-02,14,2931,0.5
88,Naugatuck School District,2001-02,187,5597,3.3
89,New Britain School District,2001-02,1205,10500,11.5
90,New Canaan School District,2001-02,39,3886,1
91,New Fairfield School District,2001-02,17,3088,0.6
93,New Haven School District,2001-02,1629,19402,8.4
95,New London School District,2001-02,367,3122,11.8
96,New Milford School District,2001-02,89,5135,1.7
94,Newington School District,2001-02,65,4495,1.4
97,Newtown School District,2001-02,13,5018,0.3
98,Norfolk School District,2001-02,2,165,1.2
99,North Branford School District,2001-02,21,2420,0.9
100,North Canaan School District,2001-02,12,382,3.1
101,North Haven School District,2001-02,42,3755,1.1
102,North Stonington School District,2001-02,1,883,0.1
103,Norwalk School District,2001-02,852,11062,7.7
901,Norwich Free Academy,2001-02,25,2298,1.1
104,Norwich School District,2001-02,109,4117,2.6
106,Old Saybrook School District,2001-02,20,1602,1.2
107,Orange School District,2001-02,6,1336,0.4
109,Plainfield School District,2001-02,9,2750,0.3
110,Plainville School District,2001-02,60,2687,2.2
111,Plymouth School District,2001-02,24,1941,1.2
112,Pomfret School District,2001-02,7,533,1.3
117,Redding School District,2001-02,4,1233,0.3
204,Regional School District 04,2001-02,3,835,0.4
205,Regional School District 05,2001-02,15,2351,0.6
210,Regional School District 10,2001-02,1,2598,0
212,Regional School District 12,2001-02,4,1127,0.4
214,Regional School District 14,2001-02,4,2246,0.2
215,Regional School District 15,2001-02,36,4317,0.8
219,Regional School District 19,2001-02,13,1190,1.1
118,Ridgefield School District,2001-02,51,5088,1
119,Rocky Hill School District,2001-02,72,2423,3
122,Salisbury School District,2001-02,6,387,1.6
124,Seymour School District,2001-02,36,2874,1.3
125,Sharon School District,2001-02,10,278,3.6
126,Shelton School District,2001-02,74,5376,1.4
127,Sherman School District,2001-02,2,477,0.4
270,Side By Side Community School District,2001-02,6,217,2.8
128,Simsbury School District,2001-02,29,5016,0.6
132,South Windsor School District,2001-02,54,5110,1.1
131,Southington School District,2001-02,35,6687,0.5
134,Stafford School District,2001-02,16,1997,0.8
135,Stamford School District,2001-02,1164,14977,7.8
136,Sterling School District,2001-02,3,442,0.7
137,Stonington School District,2001-02,7,2405,0.3
138,Stratford School District,2001-02,76,7453,1
139,Suffield School District,2001-02,2,2237,0.1
269,The Bridge Academy District,2001-02,6,174,3.4
902,The Gilbert School,2001-02,14,519,2.7
140,Thomaston School District,2001-02,1,1251,0.1
143,Torrington School District,2001-02,174,4913,3.5
144,Trumbull School District,2001-02,49,6185,0.8
146,Vernon School District,2001-02,85,4069,2.1
148,Wallingford School District,2001-02,90,7169,1.3
151,Waterbury School District,2001-02,2091,16370,12.8
152,Waterford School District,2001-02,15,2993,0.5
155,West Hartford School District,2001-02,434,9531,4.6
156,West Haven School District,2001-02,290,7323,4
154,Westbrook School District,2001-02,10,1044,1
157,Weston School District,2001-02,4,2367,0.2
158,Westport School District,2001-02,88,5007,1.8
159,Wethersfield School District,2001-02,181,3550,5.1
160,Willington School District,2001-02,10,625,1.6
161,Wilton School District,2001-02,3,4030,0.1
162,Winchester School District,2001-02,27,1128,2.4
163,Windham School District,2001-02,399,3310,12.1
165,Windsor Locks School District,2001-02,57,2015,2.8
164,Windsor School District,2001-02,35,4424,0.8
167,Woodbridge School District,2001-02,6,962,0.6
